companies,prices,locations,published_by,floors,construction_status,start_price,final_price,price_range,locality,floor_plan
Ambience,,"in Kompally , Hyderabad",by Sita Shelters Pvt. Ltd.,2 Floor Plan,Under Construction,,[],[],['in Kompally '],['2']
TMR Green Meadows,,"in Chegunta , Hyderabad",by TMR Infra Pvt. Ltd.,,Possession in 2024,,[],[],['in Chegunta '],[]
Suraksha Green City,45.7 Lac -  62.5 Lac,"in Ankushapur , Hyderabad",by Surakshaa Infra Projects,,Ready To Move,45.7,[- 62.5 Lac],"[('45.7', 'Lac', '62.5', 'Lac')]",['in Ankushapur '],[]
ASBL Landmark,1.50 Cr -  2.61 Cr,"in Kukatpally, NH 9 , Hyderabad",by ASBL Ashoka Builders India Pvt Ltd,5 Floor Plan,Possession in 2028,150.0,[- 2.61 Cr],"[('1.50', 'Cr', '2.61', 'Cr')]",['in Kukatpally'],['5']
Jain Pramukh Samriddhi Towers,2.34 Cr -  4.71 Cr,"in Satamrai , Hyderabad",by Jain Constructions,10 Floor Plan,Possession in 2028,234.0,[- 4.71 Cr],"[('2.34', 'Cr', '4.71', 'Cr')]",['in Satamrai '],['10']
Golden Arena,24.8 Lac -  57.8 Lac,"in Kadthal , Hyderabad",by Shubha Avani Developers,,Possession in 2026,24.8,[- 57.8 Lac],"[('24.8', 'Lac', '57.8', 'Lac')]",['in Kadthal '],[]
Ashoka Heights,,"in Kukatpally, NH 9 , Hyderabad",0,,Ready To Move,,[],[],['in Kukatpally'],[]
NSL Nakshatra,1.91 Cr -  3.32 Cr,"in Kukatpally Housing Board Road , Hyderabad",by NSL Infratech Pvt. Ltd.,,Possession in 2028,191.0,[- 3.32 Cr],"[('1.91', 'Cr', '3.32', 'Cr')]",['in Kukatpally Housing Board Road '],[]
My Home Akrida,99.1 Lac -  1.73 Cr,"in Tellapur, Outer Ring Road , Hyderabad",by Tellapur Technocity Private Limited,6 Floor Plan,Possession in 2028,99.1,[- 1.73 Cr],"[('99.1', 'Lac', '1.73', 'Cr')]",['in Tellapur'],['6']
HITEK PARK,,"in Shadnagar , Hyderabad",by Lifestyle Housing,,Possession in 2025,,[],[],['in Shadnagar '],[]
RRR West Fields,,"in Sadashivpet , Hyderabad",by J Group,,Possession in 2026,,[],[],['in Sadashivpet '],[]
Sunway Green,,"in Alkapur Township, Manikonda, Outer Ring Road , Hyderabad",by Sunway Developers,2 Floor Plan,Possession in 2025,,[],[],['in Alkapur Township'],['2']
Jain Fairmount The ARC,86.4 Lac -  1.41 Cr,"in Dundigal, Outer Ring Road , Hyderabad",by Jain Constructions,,Possession in 2027,86.4,[- 1.41 Cr],"[('86.4', 'Lac', '1.41', 'Cr')]",['in Dundigal'],[]
JJ infras Oxy Flora,,"in Srisailam Highway , Hyderabad",by Aarna Infra Developers,,Ready To Move,,[],[],['in Srisailam Highway '],[]
Hill Side,85.4 Lac -  1.53 Cr,"in Chanda Nagar , Hyderabad",by RANJAY CONSTRUCTIONS AND VAIBHAV CONSTRUCTIONS,21 Floor Plan,Possession in 2025,85.4,[- 1.53 Cr],"[('85.4', 'Lac', '1.53', 'Cr')]",['in Chanda Nagar '],['21']
Marams Katam Ganesh Arcade,71 Lac -  93.9 Lac,"in Jillalguda , Hyderabad",by Maram Infra Projects Pvt. Ltd.,4 Floor Plan,Possession in 2027,71.0,[- 93.9 Lac],"[('71', 'Lac', '93.9', 'Lac')]",['in Jillalguda '],['4']
Tamra Asteria,,"in Bandlaguda Jagir , Hyderabad",by Tamra Developers,8 Floor Plan,Possession in 2027,,[],[],['in Bandlaguda Jagir '],['8']
Vijaya Golden City,,"in Shadnagar , Hyderabad",by Mukesh Infra Developers,,Possession in 2024,,[],[],['in Shadnagar '],[]
Golden Terra,33.8 Lac -  1.37 Cr,"in Shadnagar , Hyderabad",by Aarna Infra Developers,,Possession in 2024,33.8,[- 1.37 Cr],"[('33.8', 'Lac', '1.37', 'Cr')]",['in Shadnagar '],[]
RRR Nature Hill County,19.8 Lac -  68.4 Lac,"in Vasalamarri , Hyderabad",by Srea Real Estates Private Limited,,Possession in 2024,19.8,[- 68.4 Lac],"[('19.8', 'Lac', '68.4', 'Lac')]",['in Vasalamarri '],[]
Sanjeevani Lake City,,"in Sadashivpet , Hyderabad",by Aarna Infra Developers,,Ready To Move,,[],[],['in Sadashivpet '],[]
Golden Valley,,"in Kothur, NH 7 , Hyderabad",by Aarna Infra Developers,,Ready To Move,,[],[],['in Kothur'],[]
Anvita Ivana,92.5 Lac -  4.45 Cr,"in Kollur, Outer Ring Road , Hyderabad",by Anvita Buildpro LLP,44 Floor Plan,Possession in 2026,92.5,[- 4.45 Cr],"[('92.5', 'Lac', '4.45', 'Cr')]",['in Kollur'],['44']
ANVITA HIGH9,90.8 Lac -  1.93 Cr,"in Kollur, Outer Ring Road , Hyderabad",by RS Pasuraa and Anvita Buildpro LLp,17 Floor Plan,Possession in 2028,90.8,[- 1.93 Cr],"[('90.8', 'Lac', '1.93', 'Cr')]",['in Kollur'],['17']
Northscape,1.59 Cr -  2.07 Cr,"in Dundigal, Outer Ring Road , Hyderabad",by Kesineni Infra Developers LLP and Others,,Possession in 2026,159.0,[- 2.07 Cr],"[('1.59', 'Cr', '2.07', 'Cr')]",['in Dundigal'],[]
Mahalakshmis Nandanam,11.5 Lac -  23 Lac,"in Maheshwaram , Hyderabad",by Adrustar Developers Pvt Ltd,,Ready To Move,11.5,[- 23 Lac],"[('11.5', 'Lac', '23', 'Lac')]",['in Maheshwaram '],[]
The OtherSide,,"in Bacharam , Hyderabad",by AASHVI VIJETHA LLP,,Possession in 2028,,[],[],['in Bacharam '],[]
Nivriti Homes,,"in Hyder Nagar, NH 9 , Hyderabad",by Sri Sai Pranathi Builders and Developers,2 Floor Plan,Possession in 2025,,[],[],['in Hyder Nagar'],['2']
Paradise County,,"in Shadnagar , Hyderabad",by SRR Fortune Developers,,Possession in 2025,,[],[],['in Shadnagar '],[]
Gachibowli Paradise County Phase 4,,"in Patancheruvu , Hyderabad",by SRR Fortune Infra Pvt. Ltd.,,Ready To Move,,[],[],['in Patancheruvu '],[]
Suvarna City,,"in Shadnagar , Hyderabad",by TLR Ventures,,Ready To Move,,[],[],['in Shadnagar '],[]
Bhuvi By Vasavi Buildox,71.8 Lac -  1.24 Cr,"in Kompally , Hyderabad",by Vasavi Group,11 Floor Plan,Possession in 2028,71.8,[- 1.24 Cr],"[('71.8', 'Lac', '1.24', 'Cr')]",['in Kompally '],['11']
Vasavi Avasa,,"in Kompally , Hyderabad",by Vasavi Group,1 Floor Plan,Possession in 2026,,[],[],['in Kompally '],['1']
Sukrithi Pride Phase II,,"in Sadashivpet , Hyderabad",by Subhagruha Projects India Pvt. Ltd.,,Possession in 2025,,[],[],['in Sadashivpet '],[]
Sri Nilayam,,"in Attapur , Hyderabad",0,,Ready To Move,,[],[],['in Attapur '],[]
Primark North Wave,60.9 Lac -  99.9 Lac,"in Bahadurpally , Hyderabad",by Primark Developers,7 Floor Plan,Possession in 2026,60.9,[- 99.9 Lac],"[('60.9', 'Lac', '99.9', 'Lac')]",['in Bahadurpally '],['7']
Aparna Sarovar Towers,2.90 Cr -  3.73 Cr,"in Nalagandla , Hyderabad",by Aparna Constructions and Estates Pvt. Ltd.,3 Floor Plan,Possession in 2028,290.0,[- 3.73 Cr],"[('2.90', 'Cr', '3.73', 'Cr')]",['in Nalagandla '],['3']
Teja Fortune Heights,,"in Patancheruvu , Hyderabad",by Teja Homes Private Limited,13 Floor Plan,Possession in 2025,,[],[],['in Patancheruvu '],['13']
Green Rich Chevella,,"in Chevella , Hyderabad",by CR Developers,,Ready To Move,,[],[],['in Chevella '],[]
SPRING FEILD VANTAGE,,"in Kandi , Hyderabad",by APPLE INFRA GROUP,,Possession in 2024,,[],[],['in Kandi '],[]
MND Avenue,,"in Medchal , Hyderabad",by Sarvagna Projects,,Possession in 2024,,[],[],['in Medchal '],[]
Sukhii Tatva,,"in Nalagandla , Hyderabad",by Sukhii Projects LLP,6 Floor Plan,Possession in 2028,,[],[],['in Nalagandla '],['6']
Sunyuga Kailash,,"in Medchal , Hyderabad",by Sunyuga Infra Pvt. Ltd.,,Possession in 2026,,[],[],['in Medchal '],[]
Sri County Phase II,,"in Taramatipet , Hyderabad",by Sri Maatha Infra Developers,,Possession in 2024,,[],[],['in Taramatipet '],[]
Supadha Gamya,1.82 Cr -  3.50 Cr,"in Tellapur, Outer Ring Road , Hyderabad",by Supadha Developers Private Limited,5 Floor Plan,Possession in 2027,182.0,[- 3.50 Cr],"[('1.82', 'Cr', '3.50', 'Cr')]",['in Tellapur'],['5']
Lansum Elena,2.64 Cr -  3.77 Cr,"in Kokapet, Outer Ring Road , Hyderabad",by Lansum Enpoint Developers LLP,10 Floor Plan,Possession in 2028,264.0,[- 3.77 Cr],"[('2.64', 'Cr', '3.77', 'Cr')]",['in Kokapet'],['10']
Samracana Swasthi,68.8 Lac -  1.10 Cr,"in Kollur, Outer Ring Road , Hyderabad",by Samracana Projects LLP,4 Floor Plan,Possession in 2026,68.8,[- 1.10 Cr],"[('68.8', 'Lac', '1.10', 'Cr')]",['in Kollur'],['4']
Aparna Newlands,,"in Tellapur, Outer Ring Road , Hyderabad",by Aparna Constructions and Estates Pvt. Ltd.,4 Floor Plan,Possession in 2027,,[],[],['in Tellapur'],['4']
Aavaas Sahita,1.71 Cr -  2.09 Cr,"in Gagillapur , Hyderabad",by Vajra Housing Projects LLP,2 Floor Plan,Possession in 2025,171.0,[- 2.09 Cr],"[('1.71', 'Cr', '2.09', 'Cr')]",['in Gagillapur '],['2']
Jains Central Park East,68 Lac -  1.32 Cr,"in Narepally , Hyderabad",by Jain Constructions,,Possession in 2027,68.0,[- 1.32 Cr],"[('68', 'Lac', '1.32', 'Cr')]",['in Narepally '],[]
Fortune Retreat,40 Lac -  1.08 Cr,"in Shankarpalli Mominpet Road , Hyderabad",by Green City Sreenivasa Estates,,Possession in 2025,40.0,[- 1.08 Cr],"[('40', 'Lac', '1.08', 'Cr')]",['in Shankarpalli Mominpet Road '],[]
Sampada Central Residency,29.2 Lac -  87.1 Lac,"in Ibrahimpatnam , Hyderabad",by Sampada Projects,,Possession in 2025,29.2,[- 87.1 Lac],"[('29.2', 'Lac', '87.1', 'Lac')]",['in Ibrahimpatnam '],[]
Surakshaa Elite,35.1 Lac -  84 Lac,"in Bandaraviryal , Hyderabad",by Surakshaa Infra Projects,,Possession in 2024,35.1,[- 84 Lac],"[('35.1', 'Lac', '84', 'Lac')]",['in Bandaraviryal '],[]
Bhanodayas Crystal,68.5 Lac -  95.2 Lac,"in Gundlapochampalli , Hyderabad",by Bhanodaya Constructions Pvt Ltd,4 Floor Plan,Possession in 2028,68.5,[- 95.2 Lac],"[('68.5', 'Lac', '95.2', 'Lac')]",['in Gundlapochampalli '],['4']
Prajay Virgin County Phase 2,,"in Baghmankhal , Hyderabad",by Prajay Engineers Syndicate Ltd.,,Possession in 2026,,[],[],['in Baghmankhal '],[]
Bricks Marvella,,"in Tellapur, Outer Ring Road , Hyderabad",by Bricks Ramabhupal Projects LLP,6 Floor Plan,Possession in 2027,,[],[],['in Tellapur'],['6']
AURUM,,"in Tellapur, Outer Ring Road , Hyderabad",by Anmol Construction,3 Floor Plan,Possession in 2028,,[],[],['in Tellapur'],['3']
Shadnagar Central Mall and Multiplex,,"in Shadnagar , Hyderabad",by Sensation Infracon Private Limited,,Possession in 2028,,[],[],['in Shadnagar '],[]
Shantivanam,,"in Chandupatla , Hyderabad",by Emvee Infra,,Ready To Move,,[],[],['in Chandupatla '],[]
Kaku Green Rich Homes,,"in Srisailam Highway , Hyderabad",by KAKU INFRA DEVELOPERS,,Possession in 2025,,[],[],['in Srisailam Highway '],[]
Sri Sai Sadan,,"in Madhapur , Hyderabad",0,,Ready To Move,,[],[],['in Madhapur '],[]
Makuta Nirvana,63.5 Lac -  1.05 Cr,"in Patancheruvu , Hyderabad",by Makuta Developers,7 Floor Plan,Possession in 2028,63.5,[- 1.05 Cr],"[('63.5', 'Lac', '1.05', 'Cr')]",['in Patancheruvu '],['7']
Devi Homes Samruddhi,55 Lac -  81 Lac,"in Patancheruvu , Hyderabad",by JAI SRIDEVI HOMES PVT.LTD.,13 Floor Plan,Possession in 2025,55.0,[- 81 Lac],"[('55', 'Lac', '81', 'Lac')]",['in Patancheruvu '],['13']
Auro Land,58 Lac -  93 Lac,"in Patancheruvu , Hyderabad",by Auro Realty,,Possession in 2028,58.0,[- 93 Lac],"[('58', 'Lac', '93', 'Lac')]",['in Patancheruvu '],[]
Sansa County,2.50 Cr -  2.65 Cr,"in Patancheruvu , Hyderabad",by Auro Realty,2 Floor Plan,Possession in 2027,250.0,[- 2.65 Cr],"[('2.50', 'Cr', '2.65', 'Cr')]",['in Patancheruvu '],['2']
Vaibhavis Vihaan Shikhara,92.8 Lac -  1.61 Cr,"in Tellapur, Outer Ring Road , Hyderabad",by Vaibhavi Infraa Projects,9 Floor Plan,Possession in 2028,92.8,[- 1.61 Cr],"[('92.8', 'Lac', '1.61', 'Cr')]",['in Tellapur'],['9']
Rajapushpa Casa Luxura,7.45 Cr -  8.79 Cr,"in Kokapet, Outer Ring Road , Hyderabad",by Rajapushpa Properties Pvt. Ltd.,5 Floor Plan,Possession in 2028,745.0,[- 8.79 Cr],"[('7.45', 'Cr', '8.79', 'Cr')]",['in Kokapet'],['5']
NLC Avanthi,55.8 Lac -  61 Lac,"in Ameenpur , Hyderabad",by Newland Constructions,4 Floor Plan,Possession in 2026,55.8,[- 61 Lac],"[('55.8', 'Lac', '61', 'Lac')]",['in Ameenpur '],['4']
Woxen Valley,,"in Sadashivpet , Hyderabad",by Vaakruthi Infra,,Ready To Move,,[],[],['in Sadashivpet '],[]
SRR Shadnagar Paradise County,,"in Shadnagar , Hyderabad",by SRR Fortune Developers,,Possession in 2024,,[],[],['in Shadnagar '],[]
GKRS PEARL CASCADE,,"in Bandlaguda Jagir , Hyderabad",by BPR Infrastructure Ltd.,2 Floor Plan,Possession in 2026,,[],[],['in Bandlaguda Jagir '],['2']
Royal Oaks Estates,,"in Zahirabad , Hyderabad",by Valleru Developers,,Possession in 2024,,[],[],['in Zahirabad '],[]
Riverfront,,"in Narsingi, Outer Ring Road , Hyderabad",by E Infra,9 Floor Plan,Possession in 2027,,[],[],['in Narsingi'],['9']
Ss Residency,,"in New Nallakunta , Hyderabad",0,,Ready To Move,,[],[],['in New Nallakunta '],[]
Varahi WHealth Atmos,,"in Sadashivpet , Hyderabad",by Western Magic Developers,,Ready To Move,,[],[],['in Sadashivpet '],[]
Prime Square,,"in Bapu Bagh Colony, Ramgopalpet, NH 7 , Hyderabad",0,2 Floor Plan,Ready To Move,,[],[],['in Bapu Bagh Colony'],['2']
Elegant Nivasa,86.6 Lac -  1.39 Cr,"in Tellapur, Outer Ring Road , Hyderabad",by Elegant Infra Properties,4 Floor Plan,Possession in 2026,86.6,[- 1.39 Cr],"[('86.6', 'Lac', '1.39', 'Cr')]",['in Tellapur'],['4']
NSL East Luxoria,1.77 Cr -  2.63 Cr,"in Uppal, NH 2 2 , Hyderabad",by NSL Infratech Pvt. Ltd.,20 Floor Plan,Possession in 2028,177.0,[- 2.63 Cr],"[('1.77', 'Cr', '2.63', 'Cr')]",['in Uppal'],['20']
Rainbow County,,"in Shadnagar , Hyderabad",by Bhashyam Realtors,,Ready To Move,,[],[],['in Shadnagar '],[]
Highway Orchards,,"in Burgul , Hyderabad",by Fortune View Pvt Ltd,,Ready To Move,,[],[],['in Burgul '],[]
Subhaga,27.9 Lac -  76 Lac,"in Sangareddy , Hyderabad",by J Group,,Possession in 2025,27.9,[- 76 Lac],"[('27.9', 'Lac', '76', 'Lac')]",['in Sangareddy '],[]
RV Krishang,3.70 Cr -  4.82 Cr,"in Raviryal, Outer Ring Road , Hyderabad",by RV Group,3 Floor Plan,Possession in 2027,370.0,[- 4.82 Cr],"[('3.70', 'Cr', '4.82', 'Cr')]",['in Raviryal'],['3']
Western Springs,2.02 Cr -  3.22 Cr,"in Puppalguda , Hyderabad",by Western Constructions,2 Floor Plan,Possession in 2027,202.0,[- 3.22 Cr],"[('2.02', 'Cr', '3.22', 'Cr')]",['in Puppalguda '],['2']
Sterlings Eutopia,49.4 Lac Onwards,"in Maheshwaram , Hyderabad",by Sterling Heights LLP,,Ready To Move,49.4,[],[],['in Maheshwaram '],[]
Canny Aravindam,,"in Bowrampet, Outer Ring Road , Hyderabad",by Canny Vistas,9 Floor Plan,Possession in 2028,,[],[],['in Bowrampet'],['9']
IWA,,"in Nanakaramguda , Hyderabad",by Srias Life Spaces LLP,6 Floor Plan,Possession in 2027,,[],[],['in Nanakaramguda '],['6']
SAS Crown ,,"in Kokapet, Outer Ring Road , Hyderabad",by SAS Infra,3 Floor Plan,Possession in 2025,,[],[],['in Kokapet'],['3']
Gachibowli Paradise Phase I,,"in Nandigaon , Hyderabad",by SRR Fortune Infra Pvt. Ltd.,,Ready To Move,,[],[],['in Nandigaon '],[]
Aparna Greenscapes,,"in Kompally , Hyderabad",by Aparna Constrcutions  Estates Pvt Ltd,5 Floor Plan,Possession in 2028,,[],[],['in Kompally '],['5']
Perams Aishwarya Pride,,"in Shankarpalle , Hyderabad",by GGR Infra Private Limited,,Possession in 2026,,[],[],['in Shankarpalle '],[]
Sterlings Eutopia,,"in Maheshwaram , Hyderabad",by Sterling Heights LLP,,Ready To Move,,[],[],['in Maheshwaram '],[]
Sterlings Eutopia,,"in Maheshwaram , Hyderabad",by Sterling Heights LLP,,Ready To Move,,[],[],['in Maheshwaram '],[]
The Prestige City,1.07 Cr -  2.40 Cr,"in Rajendranagar Mandal , Hyderabad",by Prestige Estates Projects Ltd.,21 Floor Plan,Possession in 2028,107.0,[- 2.40 Cr],"[('1.07', 'Cr', '2.40', 'Cr')]",['in Rajendranagar Mandal '],['21']
Sai Sravanthi Pavani Felicity,1.16 Cr -  1.84 Cr,"in Nizampet , Hyderabad",by Pavani Group,13 Floor Plan,Possession in 2026,115.99999999999999,[- 1.84 Cr],"[('1.16', 'Cr', '1.84', 'Cr')]",['in Nizampet '],['13']
Rajapushpa Aurelia,2.30 Cr -  3.36 Cr,"in Tellapur, Outer Ring Road , Hyderabad",by Rajapushpa Properties Pvt. Ltd.,4 Floor Plan,Possession in 2028,229.99999999999997,[- 3.36 Cr],"[('2.30', 'Cr', '3.36', 'Cr')]",['in Tellapur'],['4']
Skylark 1,73.8 Lac -  1.29 Cr,"in Kollur, Outer Ring Road , Hyderabad",by Abinandana Infra Reality LLP,12 Floor Plan,Possession in 2025,73.8,[- 1.29 Cr],"[('73.8', 'Lac', '1.29', 'Cr')]",['in Kollur'],['12']
Magna Solitaire,86.5 Lac -  1.55 Cr,"in Peeramcheru , Hyderabad",0,4 Floor Plan,Possession in 2028,86.5,[- 1.55 Cr],"[('86.5', 'Lac', '1.55', 'Cr')]",['in Peeramcheru '],['4']
Praneeth PBR Pranav Ixora,99.2 Lac -  2.37 Cr,"in Hyder Nagar, NH 9 , Hyderabad",by Praneeth Group,15 Floor Plan,Possession in 2026,99.2,[- 2.37 Cr],"[('99.2', 'Lac', '2.37', 'Cr')]",['in Hyder Nagar'],['15']
Sahasra,26.7 Lac -  64 Lac,"in Thimmareddypally , Hyderabad",by J Group,,Possession in 2025,26.7,[- 64 Lac],"[('26.7', 'Lac', '64', 'Lac')]",['in Thimmareddypally '],[]
Wave,92.2 Lac -  1.39 Cr,"in Kollur, Outer Ring Road , Hyderabad",by VENTURA ESTATE DEVELOPERS,1 Floor Plan,Possession in 2027,92.2,[- 1.39 Cr],"[('92.2', 'Lac', '1.39', 'Cr')]",['in Kollur'],['1']
The Line,1.20 Cr -  1.65 Cr,"in Gandipet , Hyderabad",by Terminus NCC  Urban and Optimity,7 Floor Plan,Possession in 2028,120.0,[- 1.65 Cr],"[('1.20', 'Cr', '1.65', 'Cr')]",['in Gandipet '],['7']
Nishija Akshita Eastern Meadows,17.7 Lac -  32.5 Lac,"in Ghatkesar, NH 2 2 , Hyderabad",by Nishija Akshita Infra LLP,,Possession in 2026,17.7,[- 32.5 Lac],"[('17.7', 'Lac', '32.5', 'Lac')]",['in Ghatkesar'],[]
ILIKA,,"in Adibatla , Hyderabad",by AMR Aditya Homes,11 Floor Plan,Possession in 2025,,[],[],['in Adibatla '],['11']
Aakruthi Arcadia,,"in Gajularamaram , Hyderabad",by Aakruthi Real Holdings LLP,9 Floor Plan,Possession in 2025,,[],[],['in Gajularamaram '],['9']
Riddhis Taranto Towers,,"in Patighanpur, Outer Ring Road , Hyderabad",by Riddhi Habitats LLP,5 Floor Plan,Possession in 2026,,[],[],['in Patighanpur'],['5']
Pavani Royale,,"in Kothur, NH 7 , Hyderabad",by Pavani Group,,Ongoing,,[],[],['in Kothur'],[]
By The Lake,,"in Shamshabad , Hyderabad",by Vertex Viva Private Limited,,Ready To Move,,[],[],['in Shamshabad '],[]
Vasavi Sarovar,91 Lac -  3.42 Cr,"in Kukatpally, NH 9 , Hyderabad",by Vasavi Group,8 Floor Plan,Possession in 2026,91.0,[- 3.42 Cr],"[('91', 'Lac', '3.42', 'Cr')]",['in Kukatpally'],['8']
Callisto5 Villas,,"in Raviryal, Outer Ring Road , Hyderabad",by Orange County Group,1 Floor Plan,Possession in 2028,,[],[],['in Raviryal'],['1']
Lakeview,,"in Sainikpuri , Hyderabad",by Modi Builders,,Ready To Move,,[],[],['in Sainikpuri '],[]
ASBL Loft,1.80 Cr -  2.11 Cr,"in Puppalguda , Hyderabad",by ASBL Ashoka Builders India Pvt Ltd,2 Floor Plan,Possession in 2026,180.0,[- 2.11 Cr],"[('1.80', 'Cr', '2.11', 'Cr')]",['in Puppalguda '],['2']
Risinia The Twinz,68.6 Lac -  1.13 Cr,"in Bachupally , Hyderabad",by Risinia Builders,5 Floor Plan,Possession in 2026,68.6,[- 1.13 Cr],"[('68.6', 'Lac', '1.13', 'Cr')]",['in Bachupally '],['5']
Raghavendra Panchajanya,1.39 Cr -  1.81 Cr,"in Chanda Nagar , Hyderabad",by Raghavendra Neelima Constructions,15 Floor Plan,Possession in 2028,139.0,[- 1.81 Cr],"[('1.39', 'Cr', '1.81', 'Cr')]",['in Chanda Nagar '],['15']
Team4 Arka,1.99 Cr -  4.14 Cr,"in Manikonda Jagir , Hyderabad",by Team4 Life Spaces Elite LLP,6 Floor Plan,Possession in 2029,199.0,[- 4.14 Cr],"[('1.99', 'Cr', '4.14', 'Cr')]",['in Manikonda Jagir '],['6']
Vertex 33 West,1.35 Cr -  1.67 Cr,"in Nalagandla , Hyderabad",by Vertex Homes Pvt. Ltd.,5 Floor Plan,Possession in 2028,135.0,[- 1.67 Cr],"[('1.35', 'Cr', '1.67', 'Cr')]",['in Nalagandla '],['5']
Tiara,74.2 Lac -  1.16 Cr,"in Bachupally , Hyderabad",by Srias Life Spaces LLP,4 Floor Plan,Possession in 2028,74.2,[- 1.16 Cr],"[('74.2', 'Lac', '1.16', 'Cr')]",['in Bachupally '],['4']
Maha Kshetra Prestige Avenue,,"in Sangareddy , Hyderabad",by Maha Kshetra Developers,,Ready To Move,,[],[],['in Sangareddy '],[]
The Crown Villas,,"in Indresham, Bachuguda , Hyderabad",by Greater Infra Projects,2 Floor Plan,Possession in 2025,,[],[],['in Indresham'],['2']
NSR County Phase 3,,"in Sangareddy , Hyderabad",by Alekhya Infraa Developers,,Possession in 2024,,[],[],['in Sangareddy '],[]
RRR Riverside,,"in Sangareddy , Hyderabad",by Yugandhar Real Stone,,Ready To Move,,[],[],['in Sangareddy '],[]
Emerald County,,"in Thimmapur , Hyderabad",by Bhashyam Realtors,,Under Construction,,[],[],['in Thimmapur '],[]
SS Fortune Heights,,"in Patancheruvu , Hyderabad",by SS Constructions,2 Floor Plan,Possession in 2024,,[],[],['in Patancheruvu '],['2']
Suradru,,"in Kandi , Hyderabad",by Prakash Group,,Ongoing,,[],[],['in Kandi '],[]
Sri Balaji County,,"in Shankarpalle , Hyderabad",by Maha Kshetra Developers,,Ongoing,,[],[],['in Shankarpalle '],[]
Nature Farms,,"in Balanagar , Hyderabad",by Green Space Avenues,,Ready To Move,,[],[],['in Balanagar '],[]
Biophilic Village,,"in Zahirabad , Hyderabad",by SSL Fortune Village ,,Ready To Move,,[],[],['in Zahirabad '],[]
Sri Krishna Residency,,"in Madhapur , Hyderabad",0,,Ready To Move,,[],[],['in Madhapur '],[]
MY HOME APAS,2.85 Cr -  3.98 Cr,"in Kokapet, Outer Ring Road , Hyderabad",by My Home Constructions Pvt. Ltd.,5 Floor Plan,Possession in 2028,285.0,[- 3.98 Cr],"[('2.85', 'Cr', '3.98', 'Cr')]",['in Kokapet'],['5']
EKAM by Prosperiti Homes,1.16 Cr -  1.59 Cr,"in Kollur, Outer Ring Road , Hyderabad",by PROSPERITI HOMES,4 Floor Plan,Possession in 2026,115.99999999999999,[- 1.59 Cr],"[('1.16', 'Cr', '1.59', 'Cr')]",['in Kollur'],['4']
AVLs Samskruthi,,"in Manikonda Jagir , Hyderabad",by AVL Constructions,7 Floor Plan,Possession in 2028,,[],[],['in Manikonda Jagir '],['7']
Urbanrise The World Of Joy,,"in Ameenpur , Hyderabad",by Urbanrise,3 Floor Plan,Possession in 2028,,[],[],['in Ameenpur '],['3']
Honer Signatis,,"in Kukatpally, NH 9 , Hyderabad",by Honer Prime Housing LLP,9 Floor Plan,Possession in 2027,,[],[],['in Kukatpally'],['9']
NLC Anandi,,"in Ameenpur , Hyderabad",by New Land Constructions,8 Floor Plan,Ready To Move,,[],[],['in Ameenpur '],['8']
Sita Village,,"in Kurmidda , Hyderabad",by AVC Homes Pvt. Ltd.,,Possession in 2024,,[],[],['in Kurmidda '],[]
Sunshine Green Meadows,,"in Bachupally , Hyderabad",by Sunshine Infra Private Limited,2 Floor Plan,Possession in 2025,,[],[],['in Bachupally '],['2']
Rai Chandani Business Bay,,"in Banjara Hills, NH 9 , Hyderabad",0,,Under Construction,,[],[],['in Banjara Hills'],[]
Royal Farms,,"in Narayankhed CT , Hyderabad",by Nature LIFESPACE,,Possession in 2026,,[],[],['in Narayankhed CT '],[]
Little England,,"in Polkampally , Hyderabad",by AVC Homes Pvt. Ltd.,,Ready To Move,,[],[],['in Polkampally '],[]
Adithya Enclave,,"in Sadashivpet , Hyderabad",by Alekhya Infraa Developers,,Ready To Move,,[],[],['in Sadashivpet '],[]
Aranya Kalanjali,1.29 Cr -  1.77 Cr,"in Kompally , Hyderabad",by Beams & Columns Developers LLP,6 Floor Plan,Possession in 2026,129.0,[- 1.77 Cr],"[('1.29', 'Cr', '1.77', 'Cr')]",['in Kompally '],['6']
Aparna Synergy,72.5 Lac -  1.33 Cr,"in Gandi Maisamma, Outer Ring Road , Hyderabad",by Aparna Constructions,9 Floor Plan,Possession in 2027,72.5,[- 1.33 Cr],"[('72.5', 'Lac', '1.33', 'Cr')]",['in Gandi Maisamma'],['9']
Gautami Heights,83.3 Lac -  1.37 Cr,"in Miyapur, NH 9 , Hyderabad",by Anuhar Homes Pvt. Ltd.,3 Floor Plan,Possession in 2026,83.3,[- 1.37 Cr],"[('83.3', 'Lac', '1.37', 'Cr')]",['in Miyapur'],['3']
Panchajanyas Syamala Elite,65 Lac -  88.8 Lac,"in Bachupally , Hyderabad",by Panchajanyas Infra Developers,5 Floor Plan,Possession in 2025,65.0,[- 88.8 Lac],"[('65', 'Lac', '88.8', 'Lac')]",['in Bachupally '],['5']
Quambiant Amaranthine,,"in Khajaguda , Hyderabad",by Quambiant Design Build Private Limited,7 Floor Plan,Possession in 2028,,[],[],['in Khajaguda '],['7']
Manhattan,,"in Khajaguda , Hyderabad",by Vamsiram Builders,5 Floor Plan,Possession in 2027,,[],[],['in Khajaguda '],['5']
Urban Heights,,"in Tukkuguda, Srisailam Highway , Hyderabad",by Urban Yards LLP,3 Floor Plan,Possession in 2026,,[],[],['in Tukkuguda'],['3']
Sukrithi Pride,,"in Sadashivpet , Hyderabad",by Subhagruha Projects India Pvt. Ltd.,,Possession in 2024,,[],[],['in Sadashivpet '],[]
Sadguna Vihaan,,"in Gagillapur , Hyderabad",by Sadguna Properties,6 Floor Plan,Possession in 2024,,[],[],['in Gagillapur '],['6']
Subhagruha Sukrithi Ayatana,,"in Sangareddy , Hyderabad",by Subhagruha Projects India Pvt. Ltd.,,Ready To Move,,[],[],['in Sangareddy '],[]
Serene Palms,,"in Sadashivpet , Hyderabad",by Subha Sree Group,,Ready To Move,,[],[],['in Sadashivpet '],[]
The World of Joy Miyapur,86.6 Lac -  2.18 Cr,"in Miyapur, NH 9 , Hyderabad",by Urbanrise,6 Floor Plan,Possession in 2028,86.6,[- 2.18 Cr],"[('86.6', 'Lac', '2.18', 'Cr')]",['in Miyapur'],['6']
Avantikas Arudra,73.7 Lac -  89.6 Lac,"in Bandlaguda Jagir , Hyderabad",by Avantika Projects,2 Floor Plan,Possession in 2025,73.7,[- 89.6 Lac],"[('73.7', 'Lac', '89.6', 'Lac')]",['in Bandlaguda Jagir '],['2']
Akshita Golden Breeze 4,24.7 Lac -  48.7 Lac,"in Maheshwaram , Hyderabad",by Akshita Infra,,Possession in 2025,24.7,[- 48.7 Lac],"[('24.7', 'Lac', '48.7', 'Lac')]",['in Maheshwaram '],[]
Abinandana Emerald,12.5 Lac -  2.10 Cr,"in Manikonda Jagir , Hyderabad",by Abinandana Infra Reality LLP,,Possession in 2025,12.5,[- 2.10 Cr],"[('12.5', 'Lac', '2.10', 'Cr')]",['in Manikonda Jagir '],[]
SVS Indraprastha,21.5 Lac -  42.3 Lac,"in Yadagirigutta , Hyderabad",by SVS Infra Developers,,Ready To Move,21.5,[- 42.3 Lac],"[('21.5', 'Lac', '42.3', 'Lac')]",['in Yadagirigutta '],[]
Sattva Lake Ridge,2.22 Cr -  6.78 Cr,"in Kokapet, Outer Ring Road , Hyderabad",by Sattva,8 Floor Plan,Possession in 2028,222.00000000000003,[- 6.78 Cr],"[('2.22', 'Cr', '6.78', 'Cr')]",['in Kokapet'],['8']
AR Homes Rise,63.7 Lac -  1.76 Cr,"in Kollur, Outer Ring Road , Hyderabad",by AR Homes,12 Floor Plan,Possession in 2028,63.7,[- 1.76 Cr],"[('63.7', 'Lac', '1.76', 'Cr')]",['in Kollur'],['12']
Shivantha Gardenia,,"in Isnapur, Outer Ring Road , Hyderabad",by SHIVANTHA INFRA ,2 Floor Plan,Possession in 2024,,[],[],['in Isnapur'],['2']
Life Style luxury Apartments,,"in Narsingi, Outer Ring Road , Hyderabad",by Lifestyle Projects,3 Floor Plan,Possession in 2025,,[],[],['in Narsingi'],['3']
Keerthi Sanctuary,,"in Kismatpur, Outer Ring Road , Hyderabad",by Keerthi Estates Pvt. Ltd.,3 Floor Plan,Possession in 2025,,[],[],['in Kismatpur'],['3']
Mayfair Sunrise,4.27 Cr -  6.72 Cr,"in Kollur, Outer Ring Road , Hyderabad",by Greenmark Developers,1 Floor Plan,Possession in 2026,426.99999999999994,[- 6.72 Cr],"[('4.27', 'Cr', '6.72', 'Cr')]",['in Kollur'],['1']
AR Park Pride,51.5 Lac -  77.4 Lac,"in Gundlapochampally, Outer Ring Road , Hyderabad",by AR Sunrise Infra,4 Floor Plan,Possession in 2024,51.5,[- 77.4 Lac],"[('51.5', 'Lac', '77.4', 'Lac')]",['in Gundlapochampally'],['4']
Srias Diamond Towers,,"in Financial District, Nanakram Guda , Hyderabad",by SAS Infra,8 Floor Plan,Possession in 2026,,[],[],['in Financial District'],['8']
Prestige Vaishnaoi Rainbow Waters,,"in Rai Durg , Hyderabad",by Prestige Group,2 Floor Plan,Possession in 2028,,[],[],['in Rai Durg '],['2']
Levonor Egeira,,"in Edulnagulapally , Hyderabad",by Levonor Lifespaces Private Limited ,5 Floor Plan,Possession in 2026,,[],[],['in Edulnagulapally '],['5']
Sunrise Nature Golden Galaxy Phase I,,"in Shadnagar , Hyderabad",by Sunrise Infra Properties Pvt. Ltd.,,Ongoing,,[],[],['in Shadnagar '],[]
Nature City,,"in Shadnagar , Hyderabad",by Century Homes,,Ready To Move,,[],[],['in Shadnagar '],[]
Rudhra Bhuvi,,"in Pragathi Nagar, Kukatpally , Hyderabad",by Rudhra Constructions,8 Floor Plan,Possession in 2024,,[],[],['in Pragathi Nagar'],['8']
Casagrand Hanford,,"in Mamidpally , Hyderabad",by Casagrand Builder Pvt. Ltd.,2 Floor Plan,Possession in 2025,,[],[],['in Mamidpally '],['2']
Golden County,,"in Nandigaon , Hyderabad",by Vinayaka Developers,,Under Construction,,[],[],['in Nandigaon '],[]
NR Infinity,,"in Beeramguda Main Road , Hyderabad",by NR Infra,15 Floor Plan,Possession in 2025,,[],[],['in Beeramguda Main Road '],['15']
Ramky One Astra,,"in Kokapet, Outer Ring Road , Hyderabad",by Ramky Estates & Farms Limited,10 Floor Plan,Possession in 2026,,[],[],['in Kokapet'],['10']
Urban County,,"in Kothur, NH 7 , Hyderabad",by Urban City Infra Developers,,Ready To Move,,[],[],['in Kothur'],[]
GKs Triad,,"in Yapral , Hyderabad",by GK Builders & Developers,4 Floor Plan,Ready To Move,,[],[],['in Yapral '],['4']
Lumbini Elysee,2.25 Cr -  4.78 Cr,"in Financial District, Nanakram Guda , Hyderabad",by Lumbini Constructions Ltd.,8 Floor Plan,Possession in 2025,225.0,[- 4.78 Cr],"[('2.25', 'Cr', '4.78', 'Cr')]",['in Financial District'],['8']
Primark Inspira,87.5 Lac -  1.67 Cr,"in Miyapur, NH 9 , Hyderabad",by Primark Developers,10 Floor Plan,Possession in 2025,87.5,[- 1.67 Cr],"[('87.5', 'Lac', '1.67', 'Cr')]",['in Miyapur'],['10']
Organo Damaragidda,2.95 Cr Onwards,"in Chevella , Hyderabad",by Organo Eco Habitats Pvt. Ltd.,,Possession in 2027,295.0,[],[],['in Chevella '],[]
Kompally County III,52.5 Lac -  98 Lac,"in Gundlapochampally, Outer Ring Road , Hyderabad",by Greater Infra Projects,,Possession in 2026,52.5,[- 98 Lac],"[('52.5', 'Lac', '98', 'Lac')]",['in Gundlapochampally'],[]
Bhavya Aspire Space Evora Villas,4.07 Cr -  5.34 Cr,"in Nandigaon , Hyderabad",by BHAVYA ASPIREHOMES INDIA LLP,,Possession in 2025,407.0,[- 5.34 Cr],"[('4.07', 'Cr', '5.34', 'Cr')]",['in Nandigaon '],[]
Candeur Lakescape,94 Lac -  1.74 Cr,"in Kondapur , Hyderabad",by Candeur Constructions,20 Floor Plan,Possession in 2027,94.0,[- 1.74 Cr],"[('94', 'Lac', '1.74', 'Cr')]",['in Kondapur '],['20']
Radhey SKYE,86.1 Lac -  1.69 Cr,"in Kollur, Outer Ring Road , Hyderabad",by Cloudswood Constructions Private Limited,7 Floor Plan,Possession in 2026,86.1,[- 1.69 Cr],"[('86.1', 'Lac', '1.69', 'Cr')]",['in Kollur'],['7']
Vishnu Nilayam,67.8 Lac -  73.1 Lac,"in Bachupally , Hyderabad",by AGMR Projects Pvt Ltd,4 Floor Plan,Possession in 2026,67.8,[- 73.1 Lac],"[('67.8', 'Lac', '73.1', 'Lac')]",['in Bachupally '],['4']
Infocity County,,"in Patancheruvu , Hyderabad",by Infocity Builders,,Possession in 2027,,[],[],['in Patancheruvu '],[]
Sark South Medows 1,,"in Raviryal, Outer Ring Road , Hyderabad",by Sark Projects,2 Floor Plan,Possession in 2026,,[],[],['in Raviryal'],['2']
Divine City,,"in Nandigama Kothur , Hyderabad",by Divya Bhumi Developers,,Possession in 2026,,[],[],['in Nandigama Kothur '],[]
Trusted Walls Krishna Meridian ,,"in Injapur, Neeladri Nagar, Ibrahimpatnam Road , Hyderabad",by Trusted Walls Infra Projects,8 Floor Plan,Possession in 2024,,[],[],['in Injapur'],['8']
Hirize Elysia,,"in Narsingi, Outer Ring Road , Hyderabad",by Hirize Developers,11 Floor Plan,Possession in 2025,,[],[],['in Narsingi'],['11']
Origin Amogha,,"in Velmala , Hyderabad",by Origin Developers,2 Floor Plan,Possession in 2025,,[],[],['in Velmala '],['2']
Kompally County II,,"in Medchal , Hyderabad",by Greater Infra Projects,,Ready To Move,,[],[],['in Medchal '],[]
Aparna Grand,,"in Sadashivpet , Hyderabad",by Sathguru Homes,,Ready To Move,,[],[],['in Sadashivpet '],[]
SSK Nandan County,,"in Rudraram, NH 9 , Hyderabad",by Slaghika Developers,,Possession in 2026,,[],[],['in Rudraram'],[]
FGH Heights,,"in Narsingi, Outer Ring Road , Hyderabad",by FGH Infra Projects,7 Floor Plan,Possession in 2028,,[],[],['in Narsingi'],['7']
Vaishnavi Advaitha,,"in Balapur , Hyderabad",by Vaishnavi Infracon India Pvt. Ltd.,,Possession in 2028,,[],[],['in Balapur '],[]
Mitra Plots,,"in Kokapet, Outer Ring Road , Hyderabad",by Mitra Spaces,,Ready To Move,,[],[],['in Kokapet'],[]
Shangrilas Abbham,3.15 Cr -  4.63 Cr,"in Kismatpur, Outer Ring Road , Hyderabad",by Shangrila Infracon India Private Limited ,6 Floor Plan,Possession in 2029,315.0,[- 4.63 Cr],"[('3.15', 'Cr', '4.63', 'Cr')]",['in Kismatpur'],['6']
Candeur Twins,1.36 Cr -  1.77 Cr,"in Miyapur, NH 9 , Hyderabad",by Candeur Developers & Builders,10 Floor Plan,Possession in 2026,136.0,[- 1.77 Cr],"[('1.36', 'Cr', '1.77', 'Cr')]",['in Miyapur'],['10']
Myra,66 Lac -  1.15 Cr,"in Kompally , Hyderabad",by Viksha Projects,13 Floor Plan,Possession in 2025,66.0,[- 1.15 Cr],"[('66', 'Lac', '1.15', 'Cr')]",['in Kompally '],['13']
Divine Space,84.9 Lac -  1.41 Cr,"in Tellapur, Outer Ring Road , Hyderabad",by Divine Homes,14 Floor Plan,Possession in 2025,84.9,[- 1.41 Cr],"[('84.9', 'Lac', '1.41', 'Cr')]",['in Tellapur'],['14']
Rajapushpa Pristinia,1.07 Cr -  3.79 Cr,"in Kokapet, Outer Ring Road , Hyderabad",by Rajapushpa Properties Pvt. Ltd.,8 Floor Plan,Possession in 2027,107.0,[- 3.79 Cr],"[('1.07', 'Cr', '3.79', 'Cr')]",['in Kokapet'],['8']
Jains Fairmount Sri Ram Garden 2,79 Lac -  1.38 Cr,"in Kompally , Hyderabad",by Jain Constructions,11 Floor Plan,Possession in 2025,79.0,[- 1.38 Cr],"[('79', 'Lac', '1.38', 'Cr')]",['in Kompally '],['11']
THE TAMARIND,1.52 Cr -  1.63 Cr,"in Neknampur , Hyderabad",by EIPL Group,,Possession in 2027,152.0,[- 1.63 Cr],"[('1.52', 'Cr', '1.63', 'Cr')]",['in Neknampur '],[]
Breezy Heights,56.3 Lac -  69.8 Lac,"in Shankarpalle , Hyderabad",by Build Smiles Infra Private Limited,,Possession in 2024,56.3,[- 69.8 Lac],"[('56.3', 'Lac', '69.8', 'Lac')]",['in Shankarpalle '],[]
RK OXYGEN VALLEY,,"in Mallampet, Outer Ring Road , Hyderabad",by iDream Sai RK Infra,5 Floor Plan,Possession in 2025,,[],[],['in Mallampet'],['5']
Vilaasam,,"in Ameenpur , Hyderabad",by Mcor Projects LLP,3 Floor Plan,Ready To Move,,[],[],['in Ameenpur '],['3']
Alekhya Enclave,,"in Rai Durg , Hyderabad",by Alekhya Constructions,8 Floor Plan,Possession in 2024,,[],[],['in Rai Durg '],['8']
Siris Lotus Bloom,,"in Madhapur , Hyderabad",by B Sirisha,5 Floor Plan,Possession in 2024,,[],[],['in Madhapur '],['5']
The Imperial Residences,,"in Narsingi, Outer Ring Road , Hyderabad",by Shri Salasar Developers,5 Floor Plan,Possession in 2024,,[],[],['in Narsingi'],['5']
Rubrick Tulip,,"in Tukkuguda, Srisailam Highway , Hyderabad",by Rubrick Constructions Private Limited,19 Floor Plan,Possession in 2028,,[],[],['in Tukkuguda'],['19']
Jain Fairmount Sri Ram Garden 2,,"in Kompally , Hyderabad",by Jain Constructions,7 Floor Plan,Possession in 2025,,[],[],['in Kompally '],['7']
Fortune Celestial,,"in Talakondapalle , Hyderabad",by Fortune Infra Developers Pvt. Ltd.,,Ready To Move,,[],[],['in Talakondapalle '],[]
Sree City,,"in Agapally , Hyderabad",by S R Group,,Possession in 2026,,[],[],['in Agapally '],[]
The District,,"in Kokapet, Outer Ring Road , Hyderabad",by Sanali IT parks ,6 Floor Plan,Possession in 2025,,[],[],['in Kokapet'],['6']
Syamantaka Aurum,,"in Bachupally , Hyderabad",by Syamantaka Infra,3 Floor Plan,Possession in 2028,,[],[],['in Bachupally '],['3']
Raam Sai Castle,,"in Kukatpally, NH 9 , Hyderabad",by Raam Developers,3 Floor Plan,Ready To Move,,[],[],['in Kukatpally'],['3']
Celestial,,"in Srisailam Highway , Hyderabad",by Srivenkateswara Developers,,Ready To Move,,[],[],['in Srisailam Highway '],[]
Sukrithi IIT County,,"in Kandi , Hyderabad",by Subhagruha Projects India Pvt. Ltd.,,Ready To Move,,[],[],['in Kandi '],[]
West City Grand,,"in Sangareddy , Hyderabad",by Landmark Srigdha Developers,,Ready To Move,,[],[],['in Sangareddy '],[]
City Grande,53.4 Lac -  1.12 Cr,"in Adibatla , Hyderabad",by Navabhoomi Developers,,Ongoing,53.4,[- 1.12 Cr],"[('53.4', 'Lac', '1.12', 'Cr')]",['in Adibatla '],[]
Westerne County,,"in Shankarpalli Road , Hyderabad",by Bhashyam Realtors,,Under Construction,,[],[],['in Shankarpalli Road '],[]
Sukhii Sree Sumeru,,"in Uppal, NH 2 2 , Hyderabad",by Sukhii Group,5 Floor Plan,Possession in 2025,,[],[],['in Uppal'],['5']
APR Praveens Golden Leaf,,"in Turkayamjal , Hyderabad",by APR GROUP,2 Floor Plan,Possession in 2025,,[],[],['in Turkayamjal '],['2']
Raagaa Spaces by Fuerzaa,,"in Narepally , Hyderabad",by Fuerzaa Group,1 Floor Plan,Possession in 2025,,[],[],['in Narepally '],['1']
Ketrish Pride,,"in Korremula , Hyderabad",by Ketrish Developer,2 Floor Plan,Under Construction,,[],[],['in Korremula '],['2']
Speed Avenue,,"in Beeramguda Ramachandrapuram , Hyderabad",by Speed Infra Developers LLP,,Ready To Move,,[],[],['in Beeramguda Ramachandrapuram '],[]
RR Heights,,"in Attapur , Hyderabad",0,,Ready To Move,,[],[],['in Attapur '],[]
CK Infini Atmos Breathe,,"in Maheshwaram , Hyderabad",by CK Infini,,Ready To Move,,[],[],['in Maheshwaram '],[]
Mahathae Brindavan,,"in Shadnagar , Hyderabad",by Urban City Infra Developers,,Ready To Move,,[],[],['in Shadnagar '],[]
Vertex Viraat ,1 Cr -  1.52 Cr,"in Miyapur, NH 9 , Hyderabad",by Vertex Homes Pvt. Ltd.,7 Floor Plan,Possession in 2025,100.0,[- 1.52 Cr],"[('1', 'Cr', '1.52', 'Cr')]",['in Miyapur'],['7']
Rajapushpa Infina,2.83 Cr -  5.31 Cr,"in Manchirevula, Outer Ring Road , Hyderabad",by Rajapushpa Properties Pvt. Ltd.,4 Floor Plan,Possession in 2028,283.0,[- 5.31 Cr],"[('2.83', 'Cr', '5.31', 'Cr')]",['in Manchirevula'],['4']
GSR Avasa,,"in Kollur, Outer Ring Road , Hyderabad",by GSR Infra Group,31 Floor Plan,Possession in 2024,,[],[],['in Kollur'],['31']
Esteem,44.2 Lac -  64 Lac,"in Bachupally , Hyderabad",by Modi Builders & Realtors Pvt Ltd,6 Floor Plan,Possession in 2025,44.2,[- 64 Lac],"[('44.2', 'Lac', '64', 'Lac')]",['in Bachupally '],['6']
Makuta Horizon,2.09 Cr -  3 Cr,"in Kompally , Hyderabad",by Makuta Developers,5 Floor Plan,Possession in 2025,209.0,[- 3 Cr],"[('2.09', 'Cr', '3', 'Cr')]",['in Kompally '],['5']
Vasavi Ananda Nilayam,75 Lac -  6.02 Cr,"in LB Nagar, NH 9 , Hyderabad",by Vasavi Group,23 Floor Plan,Possession in 2027,75.0,[- 6.02 Cr],"[('75', 'Lac', '6.02', 'Cr')]",['in LB Nagar'],['23']
Mercury Township,32 Lac -  43.8 Lac,"in SriSialam Highway , Hyderabad",by Divyasri Group,,Possession in 2026,32.0,[- 43.8 Lac],"[('32', 'Lac', '43.8', 'Lac')]",['in SriSialam Highway '],[]
Sobha Waterfront,2.68 Cr -  4.52 Cr,"in Somajiguda, NH 9 , Hyderabad",by SOBHA Ltd.,6 Floor Plan,Possession in 2028,268.0,[- 4.52 Cr],"[('2.68', 'Cr', '4.52', 'Cr')]",['in Somajiguda'],['6']
Bommarillu Sarovar,,"in Chanda Nagar , Hyderabad",by Om Vinayaka Developers,10 Floor Plan,Possession in 2024,,[],[],['in Chanda Nagar '],['10']
SS White House,,"in Jillelaguda Road , Hyderabad",by Firmus Infrastructures Pvt. Ltd.,5 Floor Plan,Possession in 2025,,[],[],['in Jillelaguda Road '],['5']
APR Praveens Eterno,,"in Patighanpur, Outer Ring Road , Hyderabad",by APR Projects,6 Floor Plan,Possession in 2025,,[],[],['in Patighanpur'],['6']
Geethika,,"in Velmala , Hyderabad",by Supadha Infra Private Limited,2 Floor Plan,Possession in 2028,,[],[],['in Velmala '],['2']
Vedanta Towers,,"in Gajularamaram , Hyderabad",by Vedanta Constructions,8 Floor Plan,Possession in 2024,,[],[],['in Gajularamaram '],['8']
Sunrise Boulevard,,"in Shamirpet , Hyderabad",by Nimma Narayan Developers Pvt. Ltd.,7 Floor Plan,Possession in 2025,,[],[],['in Shamirpet '],['7']
BMR Residency,,"in Miyapur, NH 9 , Hyderabad",by SR Constructions,8 Floor Plan,Under Construction,,[],[],['in Miyapur'],['8']
SR Karan Residency,,"in Miyapur, NH 9 , Hyderabad",by SR Constructions,,Possession in 2024,,[],[],['in Miyapur'],[]
SR Savarkar Residency,,"in Miyapur, NH 9 , Hyderabad",by SR Constructions,2 Floor Plan,Under Construction,,[],[],['in Miyapur'],['2']
SR Teja Residency,,"in Miyapur, NH 9 , Hyderabad",by SR Constructions,4 Floor Plan,Under Construction,,[],[],['in Miyapur'],['4']
SR Vijaya Residency,,"in Miyapur, NH 9 , Hyderabad",by SR Constructions,,Possession in 2024,,[],[],['in Miyapur'],[]
Skanda Classic and Skanda Tradex,,"in Dundigal, Outer Ring Road , Hyderabad",by Skanda Infra,6 Floor Plan,Under Construction,,[],[],['in Dundigal'],['6']
Arkala Life,,"in Tukkuguda, Srisailam Highway , Hyderabad",by Arkala Realty & Infrastructure Pvt Ltd ARIL,19 Floor Plan,Possession in 2028,,[],[],['in Tukkuguda'],['19']
Dwaraka,,"in Khairtabad , Hyderabad",by Suvela Projects,2 Floor Plan,Possession in 2024,,[],[],['in Khairtabad '],['2']
Subhagruha Sukrithi Avanthi,,"in Patancheruvu , Hyderabad",by Subhagruha Projects India Pvt. Ltd.,,Ready To Move,,[],[],['in Patancheruvu '],[]
Lakefront Sanali Lakeview Terraces,,"in Somajiguda, NH 9 , Hyderabad",0,,Possession in 2028,,[],[],['in Somajiguda'],[]
Sree Laxmi Gardenia,,"in Patancheruvu , Hyderabad",by Sree Laxmi Developers,7 Floor Plan,Possession in 2024,,[],[],['in Patancheruvu '],['7']
Vantage KVS Raju Towers,,"in LB Nagar, NH 9 , Hyderabad",by SRI SAI SUVIDHA DEVELOPERS,13 Floor Plan,Possession in 2024,,[],[],['in LB Nagar'],['13']
Heritage County,,"in Kothur, NH 7 , Hyderabad",by BHASHYAM PROJECTS,,Under Construction,,[],[],['in Kothur'],[]
Highway County,,"in Shadnagar , Hyderabad",by Mahadhari Projects Pvt Ltd,,Ongoing,,[],[],['in Shadnagar '],[]
Texas Ranch,,"in Gachibowli , Hyderabad",by Rich West Realty,,Ready To Move,,[],[],['in Gachibowli '],[]
Sri Ganesh Residency,,"in Madhapur , Hyderabad",by Green Space Infra,,Ready To Move,,[],[],['in Madhapur '],[]
Infocity Majestic,62.7 Lac -  1.19 Cr,"in Kismatpur, Outer Ring Road , Hyderabad",by Infocity Infratech,15 Floor Plan,Possession in 2025,62.7,[- 1.19 Cr],"[('62.7', 'Lac', '1.19', 'Cr')]",['in Kismatpur'],['15']
Vasavi Crown East,75.3 Lac -  1.43 Cr,"in Uppal, NH 2 2 , Hyderabad",by Vasavi Group,8 Floor Plan,Possession in 2026,75.3,[- 1.43 Cr],"[('75.3', 'Lac', '1.43', 'Cr')]",['in Uppal'],['8']
Sikhara One,1.68 Cr -  2.55 Cr,"in Attapur , Hyderabad",by Sikhara Projects & Estates LLP,9 Floor Plan,Possession in 2024,168.0,[- 2.55 Cr],"[('1.68', 'Cr', '2.55', 'Cr')]",['in Attapur '],['9']
Organo Kandawada,9.50 Cr -  10 Cr,"in Chevella , Hyderabad",by Organo Eco Habitats Pvt. Ltd.,2 Floor Plan,Possession in 2026,950.0,[- 10 Cr],"[('9.50', 'Cr', '10', 'Cr')]",['in Chevella '],['2']
Pavani Trinity Annexe,32.2 Lac -  52.1 Lac,"in Farooqnagar , Hyderabad",0,,Possession in 2025,32.2,[- 52.1 Lac],"[('32.2', 'Lac', '52.1', 'Lac')]",['in Farooqnagar '],[]
Fuji and Paramount,,"in Jubilee Hills , Hyderabad",by Realplus Homes LLP,1 Floor Plan,Possession in 2028,,[],[],['in Jubilee Hills '],['1']
SN Enclave,55.3 Lac -  69.4 Lac,"in Suchitra , Hyderabad",by SN Kota infra,2 Floor Plan,Possession in 2026,55.3,[- 69.4 Lac],"[('55.3', 'Lac', '69.4', 'Lac')]",['in Suchitra '],['2']
Svadha Mackennas,76.9 Lac -  1.44 Cr,"in Kollur, Outer Ring Road , Hyderabad",by Svadha Projects,9 Floor Plan,Possession in 2025,76.9,[- 1.44 Cr],"[('76.9', 'Lac', '1.44', 'Cr')]",['in Kollur'],['9']
Aparna CyberHeights,92.8 Lac -  1.68 Cr,"in Osman Nagar , Hyderabad",by Aparna Constructions and Estates Pvt. Ltd.,6 Floor Plan,Possession in 2026,92.8,[- 1.68 Cr],"[('92.8', 'Lac', '1.68', 'Cr')]",['in Osman Nagar '],['6']
HPR Avani,23.6 Lac -  60 Lac,"in Kandi , Hyderabad",by Srika Projects,,Possession in 2025,23.6,[- 60 Lac],"[('23.6', 'Lac', '60', 'Lac')]",['in Kandi '],[]
Shadnagar Downtown,,"in Shadnagar , Hyderabad",by Future Acres,,Under Construction,,[],[],['in Shadnagar '],[]
Aparna Cyber Shine,,"in Osman Nagar , Hyderabad",by Aparna Constructions and Estates Pvt. Ltd.,4 Floor Plan,Possession in 2026,,[],[],['in Osman Nagar '],['4']
Akshita Heights 6,,"in Malkajgiri , Hyderabad",by Akshita Infra,18 Floor Plan,Possession in 2025,,[],[],['in Malkajgiri '],['18']
Constella,,"in Tukkuguda, Srisailam Highway , Hyderabad",by Speed Infra Developers LLP,10 Floor Plan,Possession in 2026,,[],[],['in Tukkuguda'],['10']
Greenville Lorven County,,"in Sadashivpet , Hyderabad",by Greenville Projects Pvt. Ltd.,,Possession in 2025,,[],[],['in Sadashivpet '],[]
Katyayani Estates,,"in Lemoor , Hyderabad",by Katyayani Constructions,,Possession in 2026,,[],[],['in Lemoor '],[]
Teja Sree S Flamingo,,"in Miyapur, NH 9 , Hyderabad",0,,Under Construction,,[],[],['in Miyapur'],[]
Vian Jubilee Central,,"in Shabad , Hyderabad",by Vian Estates Pvt. Ltd.,,Possession in 2025,,[],[],['in Shabad '],[]
Sri Dhanvi Marvel,,"in Narsingi, Outer Ring Road , Hyderabad",by Sri Dhanvi Infra,1 Floor Plan,Possession in 2028,,[],[],['in Narsingi'],['1']
Indo Eco O2 Zone Villas,,"in Ankushapur , Hyderabad",by INDO INFRA DEVELOPERS Pvt. Ltd.,4 Floor Plan,Possession in 2025,,[],[],['in Ankushapur '],['4']
Venkata Ramana,,"in Ameenpur , Hyderabad",by Venkata Sreenidhi Projects Pvt. Ltd.,5 Floor Plan,Possession in 2025,,[],[],['in Ameenpur '],['5']
Allied Imperial Avenue,,"in Czech Colony , Hyderabad",by Allied Infra And Developers,2 Floor Plan,Possession in 2025,,[],[],['in Czech Colony '],['2']
NMR Arcade,,"in Alwal , Hyderabad",by NMR Projects,,Possession in 2025,,[],[],['in Alwal '],[]
Sri Mani Sai S Kalyan Niwaas,,"in Kondapur , Hyderabad",0,1 Floor Plan,Possession in 2024,,[],[],['in Kondapur '],['1']
Sri Sadguru Signix Space,,"in Kukatpally, NH 9 , Hyderabad",by Sri Sadguru Constructions,,Possession in 2026,,[],[],['in Kukatpally'],[]
NLC Akarsha,,"in Ameenpur , Hyderabad",by Newland Constructions,2 Floor Plan,Ready To Move,,[],[],['in Ameenpur '],['2']
Urban Sanctuary,,"in Isnapur, Outer Ring Road , Hyderabad",by Sri Garuda Townships Private Limited,,Possession in 2025,,[],[],['in Isnapur'],[]
Risinia The Edge,,"in Pragathi Nagar, Kukatpally , Hyderabad",by Risinia Builders,5 Floor Plan,Possession in 2025,,[],[],['in Pragathi Nagar'],['5']
Bijjam Neo Green County ,,"in Maheshwaram , Hyderabad",0,,Possession in 2025,,[],[],['in Maheshwaram '],[]
Venkata Bhaktavatsala,,"in Ameenpur , Hyderabad",by Venkata Sreenidhi Projects Pvt. Ltd.,1 Floor Plan,Possession in 2025,,[],[],['in Ameenpur '],['1']
HRD Shangri La,,"in Indresham, Bachuguda , Hyderabad",by HRD Constructions and Developers,3 Floor Plan,Possession in 2027,,[],[],['in Indresham'],['3']
Blue Lotus Villas,,"in Patancheruvu , Hyderabad",by Lotus Blue Infra Project Pvt. Ltd.,2 Floor Plan,Possession in 2024,,[],[],['in Patancheruvu '],['2']
Sukrithi Samprada,,"in Sadashivpet , Hyderabad",by Subhagruha Projects India Pvt Ltd .,,Ready To Move,,[],[],['in Sadashivpet '],[]
Sreenidhi Anjana,,"in Ameenpur , Hyderabad",by Sreenidhi Projects,,Possession in 2027,,[],[],['in Ameenpur '],[]
SSM Golden Township,,"in Sangareddy , Hyderabad",by SSM Developers,,Possession in 2025,,[],[],['in Sangareddy '],[]
Highrise Lakshmi Residency,,"in Kothapet , Hyderabad",by High Rise Constructions,1 Floor Plan,Possession in 2025,,[],[],['in Kothapet '],['1']
Orick Redwood Tower,,"in Boduppal, NH 2 2 , Hyderabad",by Orick Properties Pvt. Ltd.,2 Floor Plan,Possession in 2025,,[],[],['in Boduppal'],['2']
Quorizon Navya Trinity,,"in Peerzadiguda, NH 2 2 , Hyderabad",by Quorizon Nirman,3 Floor Plan,Possession in 2025,,[],[],['in Peerzadiguda'],['3']
Dara Prime Nest,,"in Bachupally , Hyderabad",by Dara Infra,1 Floor Plan,Possession in 2025,,[],[],['in Bachupally '],['1']
Highrise Wind Flower,,"in Saidabad , Hyderabad",by Highrise Constructions,4 Floor Plan,Possession in 2025,,[],[],['in Saidabad '],['4']
SLS Vunnams Brindavan,,"in Medchal , Hyderabad",by SLS Constructions,,Possession in 2024,,[],[],['in Medchal '],[]
Gopi Gladiolus,,"in Alkapur Township, Manikonda, Outer Ring Road , Hyderabad",0,,Possession in 2024,,[],[],['in Alkapur Township'],[]
Vasanthas Surya Meadows,,"in Shankarpalle Rangareddy , Hyderabad",by Vasantha Constructions And Interiors,1 Floor Plan,Possession in 2025,,[],[],['in Shankarpalle Rangareddy '],['1']
Capitol Pristine Oak,,"in Nalagandla , Hyderabad",by Capitol Constructions,,Possession in 2025,,[],[],['in Nalagandla '],[]
Meshvi Heights,,"in Hayathnagar Khalsa , Hyderabad",by Meshvi Constructions,,Possession in 2025,,[],[],['in Hayathnagar Khalsa '],[]
Sri Chaitanya Arcade,,"in Madeenaguda , Hyderabad",by Sri Chaitanyaram Builders,1 Floor Plan,Possession in 2025,,[],[],['in Madeenaguda '],['1']
Adithi Evora,,"in Kharmanghat , Hyderabad",by Adithi Constructions,3 Floor Plan,Possession in 2025,,[],[],['in Kharmanghat '],['3']
Fortune Crystal,,"in Talakondapalle , Hyderabad",by Fortune Infra Developers Pvt. Ltd.,,Possession in 2024,,[],[],['in Talakondapalle '],[]
Urban Spaces Highgarden,,"in Chevella , Hyderabad",by Urban Spaces,,Possession in 2025,,[],[],['in Chevella '],[]
Giridhari Elite,,"in Shankarpalli Road , Hyderabad",by Giridhari Constructions,3 Floor Plan,Possession in 2027,,[],[],['in Shankarpalli Road '],['3']
Hyma My Home 99,,"in Kokapet, Outer Ring Road , Hyderabad",by Hyma Developers Pvt Ltd,4 Floor Plan,Possession in 2028,,[],[],['in Kokapet'],['4']
Prime Platina,,"in Narsingi, Outer Ring Road , Hyderabad",0,,Possession in 2025,,[],[],['in Narsingi'],[]
BS Vishans Castle,,"in Meerpet , Hyderabad",0,4 Floor Plan,Possession in 2025,,[],[],['in Meerpet '],['4']
Harika VK Trendset,,"in Vijayapuri Colony Uppal , Hyderabad",by Harika Projects,2 Floor Plan,Possession in 2025,,[],[],['in Vijayapuri Colony Uppal '],['2']
Highvision Sri Narayani Shakthi Heights,,"in Neknampur , Hyderabad",by Hivision Developers,1 Floor Plan,Possession in 2025,,[],[],['in Neknampur '],['1']
Gamut S Gateway Bhaskara,,"in Ameenpur , Hyderabad",by Gamut India Projects,3 Floor Plan,Possession in 2025,,[],[],['in Ameenpur '],['3']
NC Acropolis,,"in Ameenpur , Hyderabad",by Nithin Constructions,3 Floor Plan,Possession in 2025,,[],[],['in Ameenpur '],['3']
APR Praveens Hillside,,"in Bachupally , Hyderabad",by APR GROUP,6 Floor Plan,Possession in 2024,,[],[],['in Bachupally '],['6']
Maruti S Tulip,,"in Dilsukhnagar , Hyderabad",by Maruti Developers,,Possession in 2024,,[],[],['in Dilsukhnagar '],[]
N V R Robusta,,"in Medchal , Hyderabad",by N V R Constructions,5 Floor Plan,Possession in 2025,,[],[],['in Medchal '],['5']
My Envire Harini Enclave,,"in Kamala Nagar Dilsukhnagar , Hyderabad",by My Envire Developers Pvt Ltd,1 Floor Plan,Possession in 2024,,[],[],['in Kamala Nagar Dilsukhnagar '],['1']
Northstar SP,,"in Abids, NH 7 , Hyderabad",by Northstar Homes,2 Floor Plan,Possession in 2028,,[],[],['in Abids'],['2']
Parmesh Residency,,"in Hasmathpet , Hyderabad",0,2 Floor Plan,Possession in 2026,,[],[],['in Hasmathpet '],['2']
Maruthi Sadan,,"in Malkajgiri , Hyderabad",0,,Possession in 2025,,[],[],['in Malkajgiri '],[]
GVSR Vinay Avenue,,"in Korremula , Hyderabad",by GVSR Constructions,1 Floor Plan,Possession in 2025,,[],[],['in Korremula '],['1']
Kakatiyas Brindavanam,,"in Farooqnagar , Hyderabad",0,,Under Construction,,[],[],['in Farooqnagar '],[]
Sankalps Harmony,,"in Gajularamaram , Hyderabad",by Sankalp Infra Project,,Possession in 2027,,[],[],['in Gajularamaram '],[]
Art Living Homes,,"in Nagaram , Hyderabad",0,10 Floor Plan,Possession in 2026,,[],[],['in Nagaram '],['10']
Regalia Krishna Kunj Central Courtyard,,"in Quthbullapur, NH 7 , Hyderabad",by Regalia Smartspaces LLP,5 Floor Plan,Possession in 2025,,[],[],['in Quthbullapur'],['5']
Gruhasthali Navya Castle,,"in Peerzadiguda, NH 2 2 , Hyderabad",by Gruhasthali Projects,2 Floor Plan,Possession in 2025,,[],[],['in Peerzadiguda'],['2']
Sri Krishna Nandhana Residency,,"in Nagaram , Hyderabad",0,1 Floor Plan,Possession in 2025,,[],[],['in Nagaram '],['1']
Sri Sadguru Sahithi Aavaas,,"in Hyder Nagar, NH 9 , Hyderabad",by Sri Sadguru Constructions,,Possession in 2026,,[],[],['in Hyder Nagar'],[]
SVR Sri Ram Residency,,"in Medipally , Hyderabad",by S V R Constructions,,Possession in 2025,,[],[],['in Medipally '],[]
Hi Tech Green Farms,,"in Jogipet , Hyderabad",by Simha Developers,,Possession in 2025,,[],[],['in Jogipet '],[]
Nandana Jewel,,"in Rudraram, NH 9 , Hyderabad",by Mantoor Infrastructure Private Limited,,Possession in 2024,,[],[],['in Rudraram'],[]
Nirmal Pearl,,"in Yapral , Hyderabad",by Nirmal Shelters Pvt. Ltd.,2 Floor Plan,Possession in 2025,,[],[],['in Yapral '],['2']
Shakti Bliss Apartments,,"in Devarayamjal , Hyderabad",by Shakti Sharanya Developers,2 Floor Plan,Possession in 2026,,[],[],['in Devarayamjal '],['2']
Orange County,,"in Ibrahimpatnam , Hyderabad",by Ruchin Infra LLP,,Ready To Move,,[],[],['in Ibrahimpatnam '],[]
Green City,,"in Kadthal , Hyderabad",by Sri Naipunya Projects Pvt Ltd,,Ready To Move,,[],[],['in Kadthal '],[]
Nasa Valley,,"in Kothur, NH 7 , Hyderabad",by Sri Venkateshwara Infra Developers,,Ready To Move,,[],[],['in Kothur'],[]
Hariyali Hills,,"in Kandukur , Hyderabad",by KNR Infra India Pvt Ltd ,,Ready To Move,,[],[],['in Kandukur '],[]
Sri Lakshmi Nilayam,,"in Hakimpet Secunderabad , Hyderabad",by Sri Lakshmi Developers,,Ready To Move,,[],[],['in Hakimpet Secunderabad '],[]
Visions Arsha,1.04 Cr -  2.02 Cr,"in Tellapur, Outer Ring Road , Hyderabad",by Vision Infra Developers India Pvt Ltd,8 Floor Plan,Possession in 2025,104.0,[- 2.02 Cr],"[('1.04', 'Cr', '2.02', 'Cr')]",['in Tellapur'],['8']
Iris,7.32 Cr -  13.50 Cr,"in Rai Durg , Hyderabad",by Raghava Projects,6 Floor Plan,Possession in 2026,732.0,[- 13.50 Cr],"[('7.32', 'Cr', '13.50', 'Cr')]",['in Rai Durg '],['6']
The Regent,1.42 Cr -  2.25 Cr,"in Kondapur , Hyderabad",by Auro Realty,16 Floor Plan,Possession in 2027,142.0,[- 2.25 Cr],"[('1.42', 'Cr', '2.25', 'Cr')]",['in Kondapur '],['16']
Luxor,70.5 Lac -  1.15 Cr,"in Bachupally , Hyderabad",by Sreekalpa Builders,9 Floor Plan,Possession in 2025,70.5,[- 1.15 Cr],"[('70.5', 'Lac', '1.15', 'Cr')]",['in Bachupally '],['9']
Sujay Sierra,74.6 Lac -  1.05 Cr,"in Bachupally , Hyderabad",by Sujay Group,6 Floor Plan,Possession in 2028,74.6,[- 1.05 Cr],"[('74.6', 'Lac', '1.05', 'Cr')]",['in Bachupally '],['6']
Prestige Clairemont,2.08 Cr -  4.26 Cr,"in Kokapet, Outer Ring Road , Hyderabad",by Prestige Group,3 Floor Plan,Possession in 2027,208.0,[- 4.26 Cr],"[('2.08', 'Cr', '4.26', 'Cr')]",['in Kokapet'],['3']
Orange Elite,,"in Nalagandla , Hyderabad",by Orange Realty,,Possession in 2028,,[],[],['in Nalagandla '],[]
Vasu Sri Pride,,"in Gandi Maisamma, Outer Ring Road , Hyderabad",by Vasu Sri Infra Projects,5 Floor Plan,Possession in 2024,,[],[],['in Gandi Maisamma'],['5']
Udaya Skyvert,,"in Uppal, NH 2 2 , Hyderabad",by Udaya Heights Pvt. Ltd.,9 Floor Plan,Possession in 2025,,[],[],['in Uppal'],['9']
Pranava One Hyderabad,,"in Somajiguda, NH 9 , Hyderabad",by Pranava Group,8 Floor Plan,Possession in 2025,,[],[],['in Somajiguda'],['8']
Epitome Integrated City,,"in Vijayawada Highway , Hyderabad",by Epitome Projects LLP,,Possession in 2024,,[],[],['in Vijayawada Highway '],[]
Nakshatra,,"in Patancheruvu , Hyderabad",by J Group,,Ready To Move,,[],[],['in Patancheruvu '],[]
Capital 45,,"in Financial District, Nanakram Guda , Hyderabad",by Raghava Projects,1 Floor Plan,Possession in 2026,,[],[],['in Financial District'],['1']
UVR Sai Samskruthi,,"in Madeenaguda , Hyderabad",by UVR Infra,,Possession in 2025,,[],[],['in Madeenaguda '],[]
Sai Sri Kausalya Residency,,"in Hayathnagar Khalsa , Hyderabad",0,4 Floor Plan,Under Construction,,[],[],['in Hayathnagar Khalsa '],['4']
Jagruthi Nilayam,,"in Manneguda , Hyderabad",by Jagruthi Constructions,,Possession in 2028,,[],[],['in Manneguda '],[]
Harshinis Kesari Nandan,,"in Ameenpur , Hyderabad",by Harshini Infra Developers,,Possession in 2025,,[],[],['in Ameenpur '],[]
Fortune Tranquil,,"in Kadthal , Hyderabad",by Fortune Infra Developers Pvt. Ltd.,,Under Construction,,[],[],['in Kadthal '],[]
Shree Springfields Avenue,,"in Jeedimetla , Hyderabad",0,2 Floor Plan,Possession in 2025,,[],[],['in Jeedimetla '],['2']
Perams Aditya Aishwarya,,"in Shankarpalli Road , Hyderabad",by Peram Group,,Ready To Move,,[],[],['in Shankarpalli Road '],[]
Atulyams Trident,,"in Tellapur, Outer Ring Road , Hyderabad",0,2 Floor Plan,Ready To Move,,[],[],['in Tellapur'],['2']
Greater Infras Iris,,"in Ameenpur , Hyderabad",by Greater Infra Projects,2 Floor Plan,Possession in 2025,,[],[],['in Ameenpur '],['2']
Gem Shrenika Meadows,,"in Bachupally , Hyderabad",by Gem Infra Developers,,Possession in 2027,,[],[],['in Bachupally '],[]
Coherent BMR Pearl,,"in Masab Tank , Hyderabad",by Coherent Infrastruction Solutions Pvt. Ltd.,1 Floor Plan,Possession in 2025,,[],[],['in Masab Tank '],['1']
Shree Ram Happy Homes ,,"in Bowrampet, Outer Ring Road , Hyderabad",by Shree Ram Construction,,Possession in 2026,,[],[],['in Bowrampet'],[]
UVR Sai Sree Divij,,"in Madeenaguda , Hyderabad",by UVR Infra,,Possession in 2025,,[],[],['in Madeenaguda '],[]
Bhavya Sree Subhiksha Homes,,"in Bachupally , Hyderabad",0,2 Floor Plan,Possession in 2025,,[],[],['in Bachupally '],['2']
Sri Balaji Nanji Maple,,"in New Bhoiguda , Hyderabad",by Sri Balaji Developers,,Possession in 2025,,[],[],['in New Bhoiguda '],[]
Aparna Palm Woods,,"in Kompally , Hyderabad",by Aparna Constructions and Estates Pvt. Ltd.,4 Floor Plan,Possession in 2027,,[],[],['in Kompally '],['4']
Raghuwanshis Aravinda,,"in Tarnaka , Hyderabad",by Raghuwanshi Projects LLP,,Possession in 2025,,[],[],['in Tarnaka '],[]
Infocity Vijaylakshmi Enduri,,"in Ghatkesar, NH 2 2 , Hyderabad",by Infocity Builders,,Possession in 2025,,[],[],['in Ghatkesar'],[]
BSR Bloomfields,,"in Medchal , Hyderabad",by Astute Developers,,Possession in 2025,,[],[],['in Medchal '],[]
Shiva Shakti Neera Enclave,,"in Dulapally , Hyderabad",0,,Possession in 2028,,[],[],['in Dulapally '],[]
Pagadala Anvi,,"in Gundlapochampally, Outer Ring Road , Hyderabad",by Pagadala Constructions Pvt. Ltd.,1 Floor Plan,Possession in 2025,,[],[],['in Gundlapochampally'],['1']
Green Space Balaji,,"in Domara Pocham Pally , Hyderabad",0,,Possession in 2025,,[],[],['in Domara Pocham Pally '],[]
Siri Narayanadri Residency,,"in Subhash Nagar Tirumalagiri , Hyderabad",by Siri Constructions,3 Floor Plan,Possession in 2024,,[],[],['in Subhash Nagar Tirumalagiri '],['3']
Shahs Hill County,,"in Maheshwaram , Hyderabad",by Shah Constructions,,Ready To Move,,[],[],['in Maheshwaram '],[]
Anand Nilayam,,"in Dilsukhnagar , Hyderabad",by Garuda Constructions,7 Floor Plan,Ready To Move,,[],[],['in Dilsukhnagar '],['7']
R K Towers,58 Lac -  58.2 Lac,"in Thumkunta , Hyderabad",by NJR Constructions Pvt Ltd,2 Floor Plan,Possession in 2025,58.0,[- 58.2 Lac],"[('58', 'Lac', '58.2', 'Lac')]",['in Thumkunta '],['2']
Vajras Abode,94.1 Lac -  1.68 Cr,"in Kukatpally, NH 9 , Hyderabad",by Venkatadri Developers Pvt Ltd,12 Floor Plan,Possession in 2028,94.1,[- 1.68 Cr],"[('94.1', 'Lac', '1.68', 'Cr')]",['in Kukatpally'],['12']
Signature 4,72.9 Lac -  79.5 Lac,"in Tellapur, Outer Ring Road , Hyderabad",by KSR Homes,10 Floor Plan,Possession in 2025,72.9,[- 79.5 Lac],"[('72.9', 'Lac', '79.5', 'Lac')]",['in Tellapur'],['10']
Royal Pavilion,77.3 Lac -  1.82 Cr,"in Mokila , Hyderabad",by Nikhila Constructions and Developers,12 Floor Plan,Possession in 2028,77.3,[- 1.82 Cr],"[('77.3', 'Lac', '1.82', 'Cr')]",['in Mokila '],['12']
Raghava IRIS,6.78 Cr -  8.26 Cr,"in Rai Durg , Hyderabad",by Raghava Projects,3 Floor Plan,Possession in 2026,678.0,[- 8.26 Cr],"[('6.78', 'Cr', '8.26', 'Cr')]",['in Rai Durg '],['3']
Srikruthi Elite,36.7 Lac -  68.6 Lac,"in Ibrahimpatnam , Hyderabad",0,,Possession in 2025,36.7,[- 68.6 Lac],"[('36.7', 'Lac', '68.6', 'Lac')]",['in Ibrahimpatnam '],[]
Sreenivasam,1.30 Cr -  1.92 Cr,"in Kondapur , Hyderabad",by N J R Constructions Pvt. Ltd.,4 Floor Plan,Possession in 2025,130.0,[- 1.92 Cr],"[('1.30', 'Cr', '1.92', 'Cr')]",['in Kondapur '],['4']
Urban Tree,,"in Isnapur, Outer Ring Road , Hyderabad",by MKT Praneeth Homes,9 Floor Plan,Possession in 2024,,[],[],['in Isnapur'],['9']
IRA M3,,"in Kollur, Outer Ring Road , Hyderabad",by IRA Realty,1 Floor Plan,Possession in 2025,,[],[],['in Kollur'],['1']
Urban Habitat,,"in Nagole , Hyderabad",by AASHVI VIJETHA LLP,18 Floor Plan,Possession in 2025,,[],[],['in Nagole '],['18']
SS Adithi,,"in Adibatla , Hyderabad",by Sri Sukhadah,1 Floor Plan,Under Construction,,[],[],['in Adibatla '],['1']
Sri Mani Sai S Kalyan Aawaas,,"in Kondapur , Hyderabad",0,,Possession in 2024,,[],[],['in Kondapur '],[]
Luminous Serenity,,"in Sangareddy , Hyderabad",by Luminous Paper Co,,Possession in 2024,,[],[],['in Sangareddy '],[]
MSM Sambavathi Lake View,,"in Suraram , Hyderabad",by MSM Venkatasai Builders Private Limited,,Possession in 2028,,[],[],['in Suraram '],[]
Aparna Cyberon,,"in Osman Nagar , Hyderabad",by Aparna Constructions and Estates Pvt. Ltd.,2 Floor Plan,Possession in 2027,,[],[],['in Osman Nagar '],['2']
Balaji Aura,,"in Bandlaguda Jagir , Hyderabad",by Credon Constructions,3 Floor Plan,Under Construction,,[],[],['in Bandlaguda Jagir '],['3']
Eka One By Raichandani,,"in Kokapet, Outer Ring Road , Hyderabad",by Raichandani Constructions,3 Floor Plan,Possession in 2028,,[],[],['in Kokapet'],['3']
Indis Myra Villas,,"in Turkapally , Hyderabad",by Indis,7 Floor Plan,Possession in 2027,,[],[],['in Turkapally '],['7']
Aparna Cyber Star,,"in Osman Nagar , Hyderabad",by Aparna Constructions and Estates Pvt. Ltd.,4 Floor Plan,Possession in 2027,,[],[],['in Osman Nagar '],['4']
Sri Hari Hara Nilayam,,"in Manneguda , Hyderabad",0,,Possession in 2025,,[],[],['in Manneguda '],[]
DSR Park Ridge,,"in Nalagandla , Hyderabad",by DSR Prime Spaces,4 Floor Plan,Possession in 2028,,[],[],['in Nalagandla '],['4']
Lahari Avanthika,,"in Bhanur , Hyderabad",by Lahari Infra,,Possession in 2025,,[],[],['in Bhanur '],[]
Annes Fortunegreenhome Swan,,"in Nizampet , Hyderabad",by Fortune Greenhomes,4 Floor Plan,Possession in 2028,,[],[],['in Nizampet '],['4']
Eswarrams Green View,,"in Kondapur , Hyderabad",0,1 Floor Plan,Possession in 2025,,[],[],['in Kondapur '],['1']
RRR County,,"in Choutuppal , Hyderabad",by Grupe Builders & Developers LLP,,Ready To Move,,[],[],['in Choutuppal '],[]
Lohiya Samppan ,,"in Kismatpur, Outer Ring Road , Hyderabad",by Lohiya Developers Private Limited,5 Floor Plan,Possession in 2025,,[],[],['in Kismatpur'],['5']
Praneeth Pranav Xperia,,"in Ghatkesar, NH 2 2 , Hyderabad",by Venkata Praneeth Developers Pvt Ltd ,4 Floor Plan,Possession in 2024,,[],[],['in Ghatkesar'],['4']
Jagsons Pride,,"in Suraram , Hyderabad",by Jagsons Projects,18 Floor Plan,Possession in 2024,,[],[],['in Suraram '],['18']
Boat Club,,"in Medchal , Hyderabad",by Srias Life Spaces LLP,5 Floor Plan,Possession in 2028,,[],[],['in Medchal '],['5']
Rukmini Pranava 101,,"in LB Nagar, NH 9 , Hyderabad",by Harispranava Constructions Pvt Ltd,12 Floor Plan,Possession in 2025,,[],[],['in LB Nagar'],['12']
Advaith Vedaas Aranya ,,"in Munganoor , Hyderabad",0,1 Floor Plan,Possession in 2025,,[],[],['in Munganoor '],['1']
Platinum SGR Residency,,"in Sahebnagar Kalan , Hyderabad",by Platinum Constructions,,Possession in 2024,,[],[],['in Sahebnagar Kalan '],[]
Sterling Grandeur,,"in Bachupally , Hyderabad",0,3 Floor Plan,Possession in 2025,,[],[],['in Bachupally '],['3']
Aurobindo Tattva Sansa County,,"in Peddakanjerla , Hyderabad",by Aurobindo Tattva Township Developers LLP,2 Floor Plan,Possession in 2027,,[],[],['in Peddakanjerla '],['2']
Tejhas Hari Nivas,,"in Shankarpalle Rangareddy , Hyderabad",0,1 Floor Plan,Possession in 2027,,[],[],['in Shankarpalle Rangareddy '],['1']
Sree Devi Green Planet ,,"in Farook Nagar, Vattepally , Hyderabad",0,,Possession in 2024,,[],[],['in Farook Nagar'],[]
M S Sree Balaji Township,,"in Keshampet , Hyderabad",0,,Possession in 2024,,[],[],['in Keshampet '],[]
Onella Lakshmi Grandeur,,"in Mahalneknapur , Hyderabad",0,1 Floor Plan,Possession in 2025,,[],[],['in Mahalneknapur '],['1']
Chaitanya Emerald,,"in Hyder Nagar, NH 9 , Hyderabad",by Sri Chaitanyaram Builders,3 Floor Plan,Possession in 2025,,[],[],['in Hyder Nagar'],['3']
Tirumala Royal Homes,,"in Pocharam, NH 2 2 , Hyderabad",by Tirumala Developers Constructions,,Possession in 2025,,[],[],['in Pocharam'],[]
Sri Gayatri Amara,,"in Shaikpet , Hyderabad",by Sri Gayatri Housing Pvt. Ltd.,,Possession in 2025,,[],[],['in Shaikpet '],[]
Vardhan Green Oaks,,"in Kapra , Hyderabad",by Vardhan Projects,2 Floor Plan,Possession in 2024,,[],[],['in Kapra '],['2']
Garuda Residency Myna,,"in Ameenpur , Hyderabad",by Garuda Infratech India Pvt. Ltd.,,Possession in 2027,,[],[],['in Ameenpur '],[]
Vennala Dates County,,"in Kadthal , Hyderabad",by Vennala Realty Solutions Private Limited,,Possession in 2025,,[],[],['in Kadthal '],[]
Senthan,,"in Sadashivpet , Hyderabad",by Vijay Sai Housing Projects,,Possession in 2025,,[],[],['in Sadashivpet '],[]
Toopran Susheela Enclave,,"in Saroornagar, NH 9 , Hyderabad",by Toopran Constructions Pvt. Ltd.,,Possession in 2025,,[],[],['in Saroornagar'],[]
Vanam Anuradha Nilayam,,"in Kharmanghat , Hyderabad",by Vanam Infra Projects Pvt. Ltd.,1 Floor Plan,Possession in 2025,,[],[],['in Kharmanghat '],['1']
Balaji Harmony,,"in Bandlaguda Jagir , Hyderabad",by Credon Constructions,2 Floor Plan,Possession in 2025,,[],[],['in Bandlaguda Jagir '],['2']
VEC Venkateswara Abode,,"in Chengicherla , Hyderabad",0,3 Floor Plan,Possession in 2025,,[],[],['in Chengicherla '],['3']
Mava Residency,,"in Jahangir Nagar, Talab Katta , Hyderabad",0,4 Floor Plan,Possession in 2025,,[],[],['in Jahangir Nagar'],['4']
Happy living Towers,,"in Velmala , Hyderabad",by HAPPY LIVING CONSTRUCTIONS LLP,12 Floor Plan,Possession in 2025,,[],[],['in Velmala '],['12']
MKT Urban Tree,,"in Isnapur, Outer Ring Road , Hyderabad",by MKT Praneeth Homes,19 Floor Plan,Possession in 2028,,[],[],['in Isnapur'],['19']
Firmus SS White House,,"in Jillalguda , Hyderabad",by Firmus Infrastructures Pvt. Ltd.,6 Floor Plan,Possession in 2025,,[],[],['in Jillalguda '],['6']
TNR Phool Deep Greens,,"in Uppal, NH 2 2 , Hyderabad",0,,Possession in 2027,,[],[],['in Uppal'],[]
Domains Sujana Heavens,,"in Madhura Nagar , Hyderabad",by Domain Constructions,,Possession in 2025,,[],[],['in Madhura Nagar '],[]
GVR Central Vistas,,"in Yapral , Hyderabad",by GVR Infra Projects,,Possession in 2025,,[],[],['in Yapral '],[]
Sadasiva Enclave,,"in Taramatipet , Hyderabad",0,,Possession in 2025,,[],[],['in Taramatipet '],[]
JJR Orchard,,"in Kadthal , Hyderabad",by JJR Infra Developers,,Possession in 2024,,[],[],['in Kadthal '],[]
Sri Padmavathi Olympia,,"in Farook Nagar, Vattepally , Hyderabad",by Sri Padmavathi Estates Pvt. Ltd.,,Possession in 2024,,[],[],['in Farook Nagar'],[]
Shree Ram Sunrise Nest,,"in Nizampet , Hyderabad",by Shree Ram Construction,4 Floor Plan,Possession in 2027,,[],[],['in Nizampet '],['4']
Vasudha Aspire,,"in Medchal , Hyderabad",by Vasudha Developers,,Possession in 2027,,[],[],['in Medchal '],[]
Creative Pournima,,"in Mallapur , Hyderabad",by Creative Constructions,,Possession in 2027,,[],[],['in Mallapur '],[]
Babukhan Petals,,"in Banjara Hills, NH 9 , Hyderabad",by Babukhan Properties,2 Floor Plan,Possession in 2025,,[],[],['in Banjara Hills'],['2']
